basin,NSE
il_14120,
il_15120,0.37608951330184937
il_19160,-2.0815048217773438
il_2105,
il_30170,-inf
il_4110,
il_8146,0.7458607256412506
il_8155,0.3151763081550598
