basin,NSE
il_14120,-4.953318119049072
il_15120,
il_19160,
il_2105,
il_30170,-6266024361983.0
il_4110,0.1233169436454773
il_8146,
il_8155,
