basin,NSE
il_14120,0.6798668205738068
il_15120,
il_19160,-45880514183167.0
il_2105,-inf
il_30170,0.6202541589736938
il_4110,
il_8146,
il_8155,-7.82089900970459
