basin,NSE
il_14120,-inf
il_15120,
il_19160,0.4348658323287964
il_2105,-inf
il_30170,
il_4110,
il_8146,0.7574953138828278
il_8155,
