basin,NSE
il_14120,0.5323200225830078
il_15120,
il_19160,
il_2105,
il_30170,-645423497215.0
il_4110,
il_8146,-0.0014829635620117188
il_8155,0.36358535289764404
