basin,NSE
il_14120,
il_15120,0.731987714767456
il_19160,
il_2105,0.3613651990890503
il_30170,
il_4110,-0.7791754007339478
il_8146,0.12789595127105713
il_8155,
